"","location"
"1","Antigua"
"2","Barbuda"
"3","Saba"
"4","SXM"
"5","Statia"
"6","Saba Bank"
"7","Gregory"
"8","Frenchman's Reef"
"9","The Bridge"
"10","Beacon Hill"
"11","Charlie Shoal"
"12","Point Blanche"
"13","Port"
"14","1_SB_South_6"
"15","1_SB_South_5"
"16","2_SB_South_1"
"17","2_SB_South_5"
"18","2_SB_South_6"
"19","2_SB_South_7"
"20","2_SB_South_2"
"21","2_SB_South_3"
"22","2_SB_South_9"
"23","2_SB_South_10"
"24","3_SB_East_8"
"25","3_SB_East_10"
"26","4_SB_PosionBank_6"
"27","4_SB_PosionBank_7"
"28","5_SB_NorthEast_8"
"29","5_SB_NorthEast_11"
"30","4_SB_PoisionBank_12"
"31","4_SB_PoisionBank_18"
"32","Saba_bank"
"33","UN"
"34","Shark Shoals"
"35","Outer Limits"
"36","Saba_Marine_Park"
